{
  "steps": [
    10,
    20,
    30,
    40,
    50,
    60,
    70,
    80,
    90,
    100,
    110,
    120,
    130,
    140,
    150,
    160,
    170,
    180,
    190,
    200,
    210,
    220,
    230,
    240,
    250,
    260,
    270,
    280,
    290,
    300,
    310,
    320,
    330,
    340,
    350,
    360,
    370,
    380,
    390,
    400,
    410,
    420,
    430,
    440,
    450,
    460,
    470,
    480,
    490,
    500,
    510,
    520,
    530,
    540,
    550,
    560,
    570,
    580,
    590,
    600,
    610,
    620,
    630,
    640,
    650,
    660,
    670,
    680,
    690,
    700,
    710,
    720,
    730,
    740,
    750,
    760,
    770,
    780,
    790,
    800,
    810,
    820,
    830,
    840,
    850,
    860,
    870,
    880,
    890,
    900,
    910,
    920,
    930,
    940,
    950,
    960,
    970,
    980,
    990,
    1000
  ],
  "rewards": [
    0.6963819354772568,
    0.7345260709524155,
    0.6476135909557342,
    0.7033019185066223,
    0.7193978607654572,
    0.8206057369709014,
    0.710830807685852,
    0.781867504119873,
    0.8122023314237594,
    0.7786412298679352,
    0.5820125788450241,
    0.7267324477434158,
    0.7128399699926377,
    0.8019275903701782,
    0.6740702718496323,
    0.6550484955310821,
    0.8109188854694367,
    0.7295722335577011,
    0.6820639491081237,
    0.7558014929294586,
    0.7115816950798035,
    0.7588575780391693,
    0.7415298908948899,
    0.7277293652296066,
    0.6786397218704223,
    0.7694803088903427,
    0.795537805557251,
    0.8403351068496704,
    0.7906851828098297,
    0.7740091860294342,
    0.8238581120967865,
    0.7861404657363892,
    0.8049245208501816,
    0.7387807995080948,
    0.6084703922271728,
    0.7746782600879669,
    0.7656389772891998,
    0.7446763008832932,
    0.7101198345422745,
    0.8056768298149108,
    0.7341861397027969,
    0.789406630396843,
    0.7203920513391495,
    0.7728630363941192,
    0.8117126166820526,
    0.7203100174665451,
    0.7414326906204224,
    0.704081791639328,
    0.6580317497253418,
    0.6869034498929978,
    0.7482301384210587,
    0.7523213058710099,
    0.7399315953254699,
    0.8401565968990325,
    0.8422084808349609,
    0.6623040348291397,
    0.8391300082206726,
    0.6934367001056672,
    0.7521788477897644,
    0.7591535866260528,
    0.6780845910310745,
    0.6590365618467331,
    0.786672854423523,
    0.775251966714859,
    0.7631345003843307,
    0.6147071868181229,
    0.7027786880731582,
    0.7542597264051437,
    0.7530166566371918,
    0.8091667771339417,
    0.6878597408533096,
    0.818776085972786,
    0.7066485047340393,
    0.7525831967592239,
    0.7644026339054107,
    0.7434480369091034,
    0.7620233923196793,
    0.6751371383666992,
    0.7698023974895477,
    0.676217383146286,
    0.7423886835575104,
    0.6495100542902946,
    0.7542041182518006,
    0.6692267715930938,
    0.6564343601465226,
    0.7788139075040817,
    0.6511142015457153,
    0.7562551677227021,
    0.798800790309906,
    0.7652958899736404,
    0.7166226625442504,
    0.7890189319849015,
    0.8018034636974335,
    0.8018677234649658,
    0.7470214784145355,
    0.8453767657279968,
    0.7105359017848969,
    0.8543664038181304,
    0.774778950214386,
    0.7771237999200821
  ]
}