{
  "steps": [
    10,
    20,
    30,
    40,
    50,
    60,
    70,
    80,
    90,
    100,
    110,
    120,
    130,
    140,
    150,
    160,
    170,
    180,
    190,
    200,
    210,
    220,
    230,
    240,
    250,
    260,
    270,
    280,
    290,
    300,
    310,
    320,
    330,
    340,
    350,
    360,
    370,
    380,
    390,
    400,
    410,
    420,
    430,
    440,
    450,
    460,
    470,
    480,
    490,
    500,
    510,
    520,
    530,
    540,
    550,
    560,
    570,
    580,
    590,
    600,
    610,
    620,
    630,
    640,
    650,
    660,
    670,
    680,
    690,
    700,
    710,
    720,
    730,
    740,
    750,
    760,
    770,
    780,
    790,
    800,
    810,
    820,
    830,
    840,
    850,
    860,
    870,
    880,
    890,
    900,
    910,
    920,
    930,
    940,
    950,
    960,
    970,
    980,
    990,
    1000,
    1010,
    1020,
    1030,
    1040,
    1050,
    1060,
    1070,
    1080,
    1090,
    1100,
    1110,
    1120,
    1130,
    1140,
    1150,
    1160,
    1170,
    1180,
    1190,
    1200,
    1210,
    1220,
    1230,
    1240,
    1250,
    1260,
    1270,
    1280,
    1290,
    1300,
    1310,
    1320,
    1330,
    1340,
    1350,
    1360,
    1370,
    1380,
    1390,
    1400,
    1410,
    1420,
    1430,
    1440,
    1450,
    1460,
    1470,
    1480,
    1490,
    1500,
    1510,
    1520,
    1530,
    1540,
    1550,
    1560,
    1570,
    1580,
    1590,
    1600,
    1610,
    1620,
    1630,
    1640,
    1650,
    1660,
    1670,
    1680,
    1690,
    1700,
    1710,
    1720,
    1730,
    1740,
    1750,
    1760,
    1770,
    1780,
    1790,
    1800,
    1810,
    1820,
    1830,
    1840,
    1850,
    1860,
    1870,
    1880,
    1890,
    1900,
    1910,
    1920,
    1930,
    1940,
    1950,
    1960,
    1970,
    1980,
    1990,
    2000
  ],
  "rewards": [
    0.6963819354772568,
    0.7345260709524155,
    0.6476135909557342,
    0.7033019185066223,
    0.7193978607654572,
    0.8206057369709014,
    0.710830807685852,
    0.781867504119873,
    0.8122023314237594,
    0.7786412298679352,
    0.5820125788450241,
    0.7267324477434158,
    0.7128399699926377,
    0.8019275903701782,
    0.6740702718496323,
    0.6550484955310821,
    0.8109188854694367,
    0.7295722335577011,
    0.6820639491081237,
    0.7558014929294586,
    0.7115816950798035,
    0.7588575780391693,
    0.7415298908948899,
    0.7277293652296066,
    0.6786397218704223,
    0.7694803088903427,
    0.795537805557251,
    0.8403351068496704,
    0.7906851828098297,
    0.7740091860294342,
    0.8238581120967865,
    0.7861404657363892,
    0.8049245208501816,
    0.7387807995080948,
    0.6084703922271728,
    0.7746782600879669,
    0.7656389772891998,
    0.7446763008832932,
    0.7101198345422745,
    0.8056768298149108,
    0.7341861397027969,
    0.789406630396843,
    0.7203920513391495,
    0.7728630363941192,
    0.8117126166820526,
    0.7203100174665451,
    0.7414326906204224,
    0.704081791639328,
    0.6580317497253418,
    0.6869034498929978,
    0.7482301384210587,
    0.7523213058710099,
    0.7399315953254699,
    0.8401565968990325,
    0.8422084808349609,
    0.6623040348291397,
    0.8391300082206726,
    0.6934367001056672,
    0.7521788477897644,
    0.7591535866260528,
    0.6780845910310745,
    0.6590365618467331,
    0.786672854423523,
    0.775251966714859,
    0.7631345003843307,
    0.6147071868181229,
    0.7027786880731582,
    0.7542597264051437,
    0.7530166566371918,
    0.8091667771339417,
    0.6878597408533096,
    0.818776085972786,
    0.7066485047340393,
    0.7525831967592239,
    0.7644026339054107,
    0.7434480369091034,
    0.7620233923196793,
    0.6751371383666992,
    0.7698023974895477,
    0.676217383146286,
    0.7423886835575104,
    0.6495100542902946,
    0.7542041182518006,
    0.6692267715930938,
    0.6564343601465226,
    0.7788139075040817,
    0.6511142015457153,
    0.7562551677227021,
    0.798800790309906,
    0.7652958899736404,
    0.7166226625442504,
    0.7890189319849015,
    0.8018034636974335,
    0.8018677234649658,
    0.7470214784145355,
    0.8453767657279968,
    0.7105359017848969,
    0.8543664038181304,
    0.774778950214386,
    0.7771237999200821,
    0.6993994399905205,
    0.7112794935703277,
    0.7120962262153625,
    0.6732789233326912,
    0.720981678366661,
    0.6971047490835189,
    0.7232932806015014,
    0.7290717482566833,
    0.6630316853523255,
    0.7140324056148529,
    0.7875085294246673,
    0.775683531165123,
    0.6937042266130448,
    0.6749047994613647,
    0.6646327286958694,
    0.8003291368484498,
    0.7469066023826599,
    0.7579173982143402,
    0.6980897873640061,
    0.839916330575943,
    0.8002486765384674,
    0.7700995296239853,
    0.7894534051418305,
    0.779715034365654,
    0.7911206513643265,
    0.6807457357645035,
    0.7379343420267105,
    0.7751185536384583,
    0.7278061181306839,
    0.6549249172210694,
    0.8027877986431122,
    0.6993923306465148,
    0.7371309846639633,
    0.8464336097240448,
    0.7409003138542175,
    0.740996453166008,
    0.8015807867050171,
    0.7881105065345764,
    0.7604102164506912,
    0.7511151105165481,
    0.7895983994007111,
    0.7969765782356262,
    0.8033194243907928,
    0.7511829018592835,
    0.7319248110055924,
    0.7359626173973084,
    0.8259922742843628,
    0.7693645030260086,
    0.6657154411077499,
    0.7040982961654663,
    0.7851723909378052,
    0.7184767812490463,
    0.6518968403339386,
    0.6256340101361275,
    0.7063425987958908,
    0.8077686280012131,
    0.7554147601127624,
    0.7281594216823578,
    0.744175934791565,
    0.7409437268972396,
    0.7766610980033875,
    0.7662817507982254,
    0.8214899659156799,
    0.8160249888896942,
    0.7408724844455719,
    0.644178006798029,
    0.7192516207695008,
    0.7519846618175506,
    0.7567894995212555,
    0.7735564351081848,
    0.7657068312168122,
    0.7243303537368775,
    0.6832674533128739,
    0.6650730699300766,
    0.8006213247776032,
    0.665450656414032,
    0.7850131392478943,
    0.766597005724907,
    0.826002424955368,
    0.7852934032678605,
    0.6970533609390259,
    0.7945559322834015,
    0.791943347454071,
    0.6886980533599854,
    0.837680184841156,
    0.6880157738924026,
    0.6613914698362351,
    0.7046537041664124,
    0.7373784184455872,
    0.6803167074918747,
    0.8218762993812561,
    0.7110877603292465,
    0.7968883037567138,
    0.7327143013477325,
    0.7457273364067077,
    0.6890640109777451,
    0.7886198401451111,
    0.6842665672302246,
    0.759453272819519,
    0.7097213983535766
  ]
}