{
  "steps": [
    10,
    20,
    30,
    40,
    50,
    60,
    70,
    80,
    90,
    100,
    110,
    120,
    130,
    140,
    150,
    160,
    170,
    180,
    190,
    200,
    210,
    220,
    230,
    240,
    250,
    260,
    270,
    280,
    290,
    300,
    310,
    320,
    330,
    340,
    350,
    360,
    370,
    380,
    390,
    400,
    410,
    420,
    430,
    440,
    450,
    460,
    470,
    480,
    490,
    500,
    510,
    520,
    530,
    540,
    550,
    560,
    570,
    580,
    590,
    600,
    610,
    620,
    630,
    640,
    650,
    660,
    670,
    680,
    690,
    700,
    710,
    720,
    730,
    740,
    750,
    760,
    770,
    780,
    790,
    800,
    810,
    820,
    830,
    840,
    850,
    860,
    870,
    880,
    890,
    900,
    910,
    920,
    930,
    940,
    950,
    960,
    970,
    980,
    990,
    1000
  ],
  "rewards": [
    0.7896954238414764,
    0.7744195073843002,
    0.6261884510517121,
    0.838149243593216,
    0.7851058006286621,
    0.7595888763666153,
    0.7835531860589982,
    0.6847244411706924,
    0.7156931638717652,
    0.7072594553232193,
    0.7983443111181259,
    0.7427572190761567,
    0.7741950422525405,
    0.7371663928031922,
    0.7241242110729218,
    0.6767126113176346,
    0.6838732630014419,
    0.7532403588294982,
    0.7220011502504349,
    0.8068427085876465,
    0.7250381439924241,
    0.6806824415922165,
    0.7120915338397026,
    0.7652221560478211,
    0.5680522412061692,
    0.7118607550859452,
    0.6067008055746556,
    0.7517024368047714,
    0.7340516924858094,
    0.7242642432451248,
    0.7354782581329345,
    0.6342823460698128,
    0.7626282155513764,
    0.7428134262561799,
    0.7112905085086823,
    0.7104205697774887,
    0.7368288278579712,
    0.733788537979126,
    0.7832110583782196,
    0.8424599230289459,
    0.6151667401194573,
    0.735426539182663,
    0.6892649292945862,
    0.7657772839069367,
    0.7581445872783661,
    0.7589895278215408,
    0.5925613582134247,
    0.7508873701095581,
    0.6163713417947292,
    0.7253927916288376,
    0.6692959308624268,
    0.7767322659492493,
    0.6968702673912048,
    0.7694630056619645,
    0.7254982486367225,
    0.7212004572153091,
    0.8380178272724151,
    0.7963666647672654,
    0.7149287968873977,
    0.6931848138570785,
    0.7292078278958798,
    0.8361897379159927,
    0.7171468824148178,
    0.7422418624162674,
    0.7205819308757782,
    0.8398748993873596,
    0.7366060048341752,
    0.7391975790262222,
    0.7605424702167511,
    0.7046071976423264,
    0.7977119982242584,
    0.7547378659248352,
    0.796829354763031,
    0.7574142754077912,
    0.8247654616832734,
    0.8195828855037689,
    0.651157059520483,
    0.7251316204667091,
    0.7625789135694504,
    0.7215659439563751,
    0.6135459378361702,
    0.7931746006011963,
    0.7478808999061585,
    0.7772137194871902,
    0.8430509507656098,
    0.7794093877077103,
    0.7010275676846505,
    0.7961124300956726,
    0.7161477893590927,
    0.7949392050504684,
    0.7651618480682373,
    0.6867428421974182,
    0.726723113656044,
    0.703746896982193,
    0.6038651302456856,
    0.770834219455719,
    0.8080136060714722,
    0.708796039223671,
    0.7180099844932556,
    0.6971150189638138
  ]
}