{
  "steps": [
    10,
    20,
    30,
    40,
    50,
    60,
    70,
    80,
    90,
    100,
    110,
    120,
    130,
    140,
    150,
    160,
    170,
    180,
    190,
    200,
    210,
    220,
    230,
    240,
    250,
    260,
    270,
    280,
    290,
    300,
    310,
    320,
    330,
    340,
    350,
    360,
    370,
    380,
    390,
    400,
    410,
    420,
    430,
    440,
    450,
    460,
    470,
    480,
    490,
    500,
    510,
    520,
    530,
    540,
    550,
    560,
    570,
    580,
    590,
    600,
    610,
    620,
    630,
    640,
    650,
    660,
    670,
    680,
    690,
    700,
    710,
    720,
    730,
    740,
    750,
    760,
    770,
    780,
    790,
    800,
    810,
    820,
    830,
    840,
    850,
    860,
    870,
    880,
    890,
    900,
    910,
    920,
    930,
    940,
    950,
    960,
    970,
    980,
    990,
    1000,
    1010,
    1020,
    1030,
    1040,
    1050,
    1060,
    1070,
    1080,
    1090,
    1100,
    1110,
    1120,
    1130,
    1140,
    1150,
    1160,
    1170,
    1180,
    1190,
    1200,
    1210,
    1220,
    1230,
    1240,
    1250,
    1260,
    1270,
    1280,
    1290,
    1300,
    1310,
    1320,
    1330,
    1340,
    1350,
    1360,
    1370,
    1380,
    1390,
    1400,
    1410,
    1420,
    1430,
    1440,
    1450,
    1460,
    1470,
    1480,
    1490,
    1500,
    1510,
    1520,
    1530,
    1540,
    1550,
    1560,
    1570,
    1580,
    1590,
    1600,
    1610,
    1620,
    1630,
    1640,
    1650,
    1660,
    1670,
    1680,
    1690,
    1700,
    1710,
    1720,
    1730,
    1740,
    1750,
    1760,
    1770,
    1780,
    1790,
    1800,
    1810,
    1820,
    1830,
    1840,
    1850,
    1860,
    1870,
    1880,
    1890,
    1900,
    1910,
    1920,
    1930,
    1940,
    1950,
    1960,
    1970,
    1980,
    1990,
    2000
  ],
  "rewards": [
    0.6848919570446015,
    0.7157407104969025,
    0.6798362553119659,
    0.7282575190067291,
    0.671880665421486,
    0.839651471376419,
    0.7395745247602463,
    0.7875932872295379,
    0.7924631178379059,
    0.7398074775934219,
    0.6317844957113266,
    0.7320854604244232,
    0.7939383387565613,
    0.8043983221054077,
    0.6865354537963867,
    0.6915207147598267,
    0.8064485728740692,
    0.8026308476924896,
    0.6992685556411743,
    0.8085511088371277,
    0.8333185136318206,
    0.7440137267112732,
    0.7624669075012207,
    0.7221156835556031,
    0.6965912520885468,
    0.7301349937915802,
    0.7963935017585755,
    0.8150646656751632,
    0.7778673321008682,
    0.7843928396701813,
    0.8257820427417755,
    0.7817367970943451,
    0.814075443148613,
    0.7319439768791198,
    0.5819469690322876,
    0.7890125811100006,
    0.7293575227260589,
    0.7389792770147323,
    0.7297788709402084,
    0.8040296196937561,
    0.7996818721294403,
    0.7780978202819824,
    0.7069622129201889,
    0.7938516438007355,
    0.8118315190076828,
    0.7281382560729981,
    0.7259095311164856,
    0.7363125175237656,
    0.650202539563179,
    0.7163316369056701,
    0.7713804185390473,
    0.7641174137592316,
    0.7136211574077607,
    0.8158693194389344,
    0.8724796354770661,
    0.732838299870491,
    0.8635815978050232,
    0.7455841660499573,
    0.8103751838207245,
    0.7839251160621643,
    0.7156729280948639,
    0.7538269877433776,
    0.7939801573753357,
    0.7893060624599457,
    0.7976816922426224,
    0.650528022646904,
    0.691098976135254,
    0.7946391403675079,
    0.7610278069972992,
    0.8066186547279358,
    0.7259281694889068,
    0.816544908285141,
    0.7710605323314667,
    0.7997032046318054,
    0.7735032975673676,
    0.7933858841657638,
    0.8174161970615387,
    0.7436463832855225,
    0.8052406668663025,
    0.7095231741666794,
    0.7679609596729279,
    0.6820550978183746,
    0.8137391209602356,
    0.697667270898819,
    0.7515667021274567,
    0.781507134437561,
    0.6881522960960865,
    0.7691824018955231,
    0.8263727068901062,
    0.8010948866605758,
    0.7279969602823257,
    0.810889595746994,
    0.8122006952762604,
    0.7895022928714752,
    0.8152954459190369,
    0.8791748464107514,
    0.7301007330417633,
    0.8533552825450897,
    0.7945302993059158,
    0.8089728832244873,
    0.6973966792225837,
    0.7503679037094116,
    0.7468718767166138,
    0.7234611235558986,
    0.6911744609475136,
    0.7989454448223114,
    0.7589724123477936,
    0.7386089712381363,
    0.6904580593109131,
    0.7888850688934326,
    0.7905200719833374,
    0.8337209761142731,
    0.7203673481941223,
    0.7399427384138108,
    0.7021740525960922,
    0.7845255404710769,
    0.797728431224823,
    0.8255528450012207,
    0.6710890263319016,
    0.8610685467720032,
    0.8194777309894562,
    0.7769597858190537,
    0.8029201626777649,
    0.8176524996757507,
    0.7844192385673523,
    0.7600063860416413,
    0.8083304196596146,
    0.8202160596847534,
    0.7620446443557739,
    0.7831933319568634,
    0.8480399310588836,
    0.7475667476654053,
    0.8177318692207336,
    0.8254725635051727,
    0.7989522874355316,
    0.7088959455490113,
    0.8337171047925949,
    0.7682299971580505,
    0.7957930862903595,
    0.7545319825410843,
    0.8291209727525711,
    0.8603316605091095,
    0.7984244167804718,
    0.7546390682458878,
    0.7804689079523086,
    0.7544585943222046,
    0.845084410905838,
    0.777362322807312,
    0.7277102023363113,
    0.7191617280244827,
    0.7554943844676018,
    0.7433326363563537,
    0.6938830405473709,
    0.6393335729837417,
    0.7479258000850677,
    0.8111086815595627,
    0.8137821018695831,
    0.7124055087566376,
    0.8048260509967804,
    0.7249342024326324,
    0.8043293178081512,
    0.8463128805160522,
    0.8734130144119263,
    0.8502933502197265,
    0.727261769771576,
    0.7252792686223983,
    0.7356910586357117,
    0.791984885931015,
    0.7809538006782532,
    0.7807470440864563,
    0.805184292793274,
    0.7677242189645768,
    0.7680635124444961,
    0.7103265434503555,
    0.7745107054710388,
    0.6884490251541138,
    0.7977706581354141,
    0.7523872971534729,
    0.8241210401058197,
    0.7901487946510315,
    0.7614893108606339,
    0.7969042897224426,
    0.8374489903450012,
    0.74286168217659,
    0.8100602328777313,
    0.746786144375801,
    0.7016126215457916,
    0.7336579591035843,
    0.783246499300003,
    0.7558574452996254,
    0.8526850879192353,
    0.7458090871572495,
    0.8388962686061859,
    0.7830520570278168,
    0.7612570941448211,
    0.7461191296577454,
    0.8337763369083404,
    0.7381097376346588,
    0.7928313076496124,
    0.7635477185249329
  ]
}