{
  "steps": [
    10,
    20,
    30,
    40,
    50,
    60,
    70,
    80,
    90,
    100,
    110,
    120,
    130,
    140,
    150,
    160,
    170,
    180,
    190,
    200,
    210,
    220,
    230,
    240,
    250,
    260,
    270,
    280,
    290,
    300,
    310,
    320,
    330,
    340,
    350,
    360,
    370,
    380,
    390,
    400,
    410,
    420,
    430,
    440,
    450,
    460,
    470,
    480,
    490,
    500,
    510,
    520,
    530,
    540,
    550,
    560,
    570,
    580,
    590,
    600,
    610,
    620,
    630,
    640,
    650,
    660,
    670,
    680,
    690,
    700,
    710,
    720,
    730,
    740,
    750,
    760,
    770,
    780,
    790,
    800,
    810,
    820,
    830,
    840,
    850,
    860,
    870,
    880,
    890,
    900,
    910,
    920,
    930,
    940,
    950,
    960,
    970,
    980,
    990,
    1000
  ],
  "rewards": [
    0.6848919570446015,
    0.7157407104969025,
    0.6798362553119659,
    0.7282575190067291,
    0.671880665421486,
    0.839651471376419,
    0.7395745247602463,
    0.7875932872295379,
    0.7924631178379059,
    0.7398074775934219,
    0.6317844957113266,
    0.7320854604244232,
    0.7939383387565613,
    0.8043983221054077,
    0.6865354537963867,
    0.6915207147598267,
    0.8064485728740692,
    0.8026308476924896,
    0.6992685556411743,
    0.8085511088371277,
    0.8333185136318206,
    0.7440137267112732,
    0.7624669075012207,
    0.7221156835556031,
    0.6965912520885468,
    0.7301349937915802,
    0.7963935017585755,
    0.8150646656751632,
    0.7778673321008682,
    0.7843928396701813,
    0.8257820427417755,
    0.7817367970943451,
    0.814075443148613,
    0.7319439768791198,
    0.5819469690322876,
    0.7890125811100006,
    0.7293575227260589,
    0.7389792770147323,
    0.7297788709402084,
    0.8040296196937561,
    0.7996818721294403,
    0.7780978202819824,
    0.7069622129201889,
    0.7938516438007355,
    0.8118315190076828,
    0.7281382560729981,
    0.7259095311164856,
    0.7363125175237656,
    0.650202539563179,
    0.7163316369056701,
    0.7713804185390473,
    0.7641174137592316,
    0.7136211574077607,
    0.8158693194389344,
    0.8724796354770661,
    0.732838299870491,
    0.8635815978050232,
    0.7455841660499573,
    0.8103751838207245,
    0.7839251160621643,
    0.7156729280948639,
    0.7538269877433776,
    0.7939801573753357,
    0.7893060624599457,
    0.7976816922426224,
    0.650528022646904,
    0.691098976135254,
    0.7946391403675079,
    0.7610278069972992,
    0.8066186547279358,
    0.7259281694889068,
    0.816544908285141,
    0.7710605323314667,
    0.7997032046318054,
    0.7735032975673676,
    0.7933858841657638,
    0.8174161970615387,
    0.7436463832855225,
    0.8052406668663025,
    0.7095231741666794,
    0.7679609596729279,
    0.6820550978183746,
    0.8137391209602356,
    0.697667270898819,
    0.7515667021274567,
    0.781507134437561,
    0.6881522960960865,
    0.7691824018955231,
    0.8263727068901062,
    0.8010948866605758,
    0.7279969602823257,
    0.810889595746994,
    0.8122006952762604,
    0.7895022928714752,
    0.8152954459190369,
    0.8791748464107514,
    0.7301007330417633,
    0.8533552825450897,
    0.7945302993059158,
    0.8089728832244873
  ]
}